,ID,Major,International,Living_Arrange,Instruct_Difficulty,Motivation,Interaction_Students,Interaction_Instructor,Sentiment_Score,Joy_Count,Anger_Count,Pos_Count,Neg_Count
1,1,STEM,Yes,At home in californa,No,Equally motivated,1,1,NA,0,0,0,0
2,2,STEM,Yes,In my apartment,Yes,Less motivated than before?,2,1,1,0,0,3,1
3,3,STEM,No,In my apartment,No,Less motivated than before?,2,1,0,0,0,1,2
4,4,STEM,Yes,In my apartment,No,More motivated,1,1,1,1,0,6,2
5,5,STEM,Yes,In my apartment,Yes,Equally motivated,2,1,1,3,0,5,0
6,6,STEM,No,At home in californa,Yes,Less motivated than before?,1,1,0,4,3,15,12
7,7,STEM,No,At home in californa,No,Equally motivated,1,2,1,1,3,9,10
8,8,STEM,No,In my apartment,No,Less motivated than before?,1,1,0,2,1,9,7
9,9,STEM,No,In my apartment,No,Less motivated than before?,2,1,0,1,1,6,1
10,10,STEM,No,In my apartment,No,More motivated,2,1,0,8,3,17,7
11,11,STEM,Yes,In my apartment,No,Equally motivated,1,2,1,3,1,7,4
12,12,STEM,No,In my apartment,No,Equally motivated,2,1,NA,0,0,0,0
13,13,STEM,No,At home in californa,Yes,Less motivated than before?,2,2,0,5,4,12,7
14,14,STEM,No,In my apartment,Yes,Less motivated than before?,1,2,0,0,0,2,1
15,15,STEM,No,In my apartment,No,Less motivated than before?,1,1,0,4,2,13,5
16,16,STEM,No,In US but outside CA,Yes,Less motivated than before?,2,1,0,5,3,13,8
17,17,STEM,No,At home in californa,Yes,Equally motivated,2,1,NA,0,0,0,0
18,18,STEM,No,In my apartment,No,Less motivated than before?,2,1,0,0,0,5,4
19,19,STEM,No,In dorms,No,Equally motivated,2,1,1,3,0,5,1
20,20,STEM,Yes,In my apartment,No,Less motivated than before?,2,2,0,0,0,5,1
21,21,STEM,Yes,In my apartment,No,Less motivated than before?,2,1,0,1,1,7,4
22,22,STEM,Yes,In my apartment,No,Less motivated than before?,2,1,0,1,1,4,6
23,23,STEM,Yes,In my apartment,No,Less motivated than before?,2,2,NA,0,0,0,0
24,24,STEM,Yes,Outside US,Yes,Less motivated than before?,2,1,0,0,1,0,3
25,25,STEM,No,At home in californa,Yes,Less motivated than before?,2,1,0,0,1,7,6
26,26,Non-STEM,Yes,In my apartment,No,Less motivated than before?,1,2,1,2,0,3,1
27,27,STEM,Yes,In my apartment,No,Less motivated than before?,2,2,1,4,0,6,1
28,28,STEM,Yes,In my apartment,No,Equally motivated,2,2,1,3,1,7,2
29,29,STEM,No,At home in californa,No,Less motivated than before?,2,1,NA,4,1,7,3
30,30,STEM,No,In my apartment,No,Less motivated than before?,2,2,0,0,0,2,2
31,31,STEM,No,At home in californa,No,Equally motivated,2,1,0,3,1,16,2
32,32,STEM,No,At home in californa,Yes,Less motivated than before?,2,2,NA,0,0,0,0
33,33,STEM,No,In US but outside CA,No,More motivated,2,2,1,7,2,17,13
34,34,STEM,No,In my apartment,No,Less motivated than before?,2,2,0,5,1,21,12
35,35,STEM,No,In US but outside CA,Yes,Less motivated than before?,2,1,1,2,0,12,2
36,36,STEM,Yes,In my apartment,No,Less motivated than before?,1,1,NA,0,0,0,0
37,37,STEM,No,At home in californa,Yes,Less motivated than before?,2,1,0,0,0,2,0
38,38,STEM,No,In my apartment,Yes,Less motivated than before?,2,1,0,2,2,9,4
39,39,STEM,No,At home in californa,Yes,Less motivated than before?,2,1,0,4,1,12,4
40,40,STEM,No,At home in californa,Yes,Less motivated than before?,2,1,0,2,1,5,5
41,41,STEM,No,In my apartment,No,Equally motivated,1,1,0,0,1,4,2
42,42,STEM,No,At home in californa,Yes,Less motivated than before?,2,1,1,1,1,3,1
43,43,STEM,No,At home in californa,Yes,Less motivated than before?,2,1,NA,0,0,0,0
44,44,STEM,No,In my apartment,Yes,Equally motivated,2,1,0,0,1,5,6
45,45,STEM,No,In my apartment,No,Less motivated than before?,2,2,1,5,3,9,5
46,46,STEM,No,At home in californa,Yes,More motivated,2,1,0,9,1,23,5
47,47,STEM,No,At home in californa,No,Less motivated than before?,2,1,1,2,2,11,8
48,48,STEM,No,At home in californa,Yes,Less motivated than before?,2,2,1,0,0,2,2
49,49,STEM,No,At home in californa,Yes,Less motivated than before?,2,1,NA,0,0,0,0
50,50,STEM,Yes,In my apartment,No,Equally motivated,2,1,NA,0,0,0,0
51,51,STEM,Yes,In my apartment,No,Less motivated than before?,2,1,0,0,0,2,0
52,52,STEM,No,At home in californa,Yes,Equally motivated,2,2,0,0,2,5,5
53,53,STEM,No,In my apartment,No,Less motivated than before?,1,1,1,1,1,3,4
54,54,STEM,Yes,In my apartment,No,Less motivated than before?,2,2,0,1,0,4,1
55,55,STEM,No,At home in californa,No,Less motivated than before?,2,1,0,0,0,2,1
56,56,STEM,Yes,Outside US,No,Equally motivated,2,1,NA,0,0,0,0
57,57,STEM,Yes,In my apartment,No,Equally motivated,2,2,0,2,1,4,4
58,58,STEM,No,At home in californa,No,Less motivated than before?,2,2,0,0,0,1,0
59,59,Non-STEM,No,In my apartment,Yes,Less motivated than before?,2,1,0,0,1,4,3
60,60,STEM,Yes,In my apartment,No,More motivated,2,1,0,3,1,11,4
61,61,STEM,No,At home in californa,Yes,Less motivated than before?,1,2,1,1,0,4,6
62,62,STEM,No,At home in californa,Yes,Less motivated than before?,2,1,NA,2,0,10,4
63,63,STEM,No,At home in californa,Yes,Less motivated than before?,1,1,1,1,0,2,1
64,64,STEM,Yes,In my apartment,No,Equally motivated,2,2,NA,0,0,0,0
65,65,STEM,No,In US but outside CA,No,Equally motivated,1,2,NA,2,0,6,0
66,66,STEM,Yes,In my apartment,No,Less motivated than before?,2,2,1,0,0,0,0
67,67,STEM,Yes,In my apartment,No,More motivated,2,1,1,0,0,0,0
68,68,STEM,Yes,In my apartment,Yes,Equally motivated,2,1,0,0,0,3,1
69,69,STEM,No,At home in californa,Yes,Equally motivated,2,2,1,0,0,1,1
70,70,Non-STEM,No,In my apartment,Yes,Less motivated than before?,2,1,1,1,0,5,2
71,71,STEM,No,At home in californa,No,Equally motivated,2,1,NA,5,1,15,12
72,72,STEM,Yes,Outside US,No,Less motivated than before?,2,1,NA,0,0,0,0
73,73,STEM,Yes,Outside US,No,Less motivated than before?,2,1,0,0,0,0,0
74,74,STEM,No,At home in californa,No,Less motivated than before?,2,2,NA,4,2,8,5
75,75,Non-STEM,No,In US but outside CA,Yes,More motivated,2,1,NA,0,0,0,0
76,76,Non-STEM,No,At home in californa,Yes,Less motivated than before?,2,1,NA,0,0,0,0
77,77,STEM,No,In my apartment,No,More motivated,2,2,1,0,0,0,0
78,78,STEM,No,At home in californa,No,Less motivated than before?,2,1,1,3,2,5,1
79,79,Non-STEM,No,At home in californa,Yes,Less motivated than before?,2,2,0,1,1,1,8
80,80,STEM,Yes,Outside US,Yes,Less motivated than before?,2,1,0,0,0,2,1
81,81,STEM,No,At home in californa,Yes,Less motivated than before?,2,1,0,0,0,4,5
82,82,STEM,No,At home in californa,No,Less motivated than before?,2,2,NA,4,1,10,5
83,83,STEM,No,In dorms,No,Less motivated than before?,2,1,1,0,0,0,0
84,84,STEM,No,At home in californa,Yes,Equally motivated,2,2,1,6,1,18,4
85,85,Non-STEM,No,At home in californa,Yes,Less motivated than before?,2,1,0,5,0,11,3
86,86,STEM,Yes,In dorms,No,Less motivated than before?,2,1,0,0,1,0,1
87,87,STEM,No,At home in californa,No,Less motivated than before?,1,2,0,0,0,2,1
88,88,Non-STEM,No,At home in californa,Yes,Less motivated than before?,2,2,1,0,0,2,1
89,89,Non-STEM,No,At home in californa,No,Equally motivated,1,2,0,1,1,3,1
90,90,Non-STEM,No,At home in californa,Yes,Less motivated than before?,2,1,0,0,0,2,3
91,91,Non-STEM,No,At home in californa,No,Less motivated than before?,2,2,1,1,1,5,5
92,92,Non-STEM,No,At home in californa,No,Less motivated than before?,1,2,1,1,0,2,0
93,93,Non-STEM,No,At home in californa,No,Less motivated than before?,1,2,1,1,1,8,6
94,94,STEM,No,At home in californa,No,Less motivated than before?,2,2,NA,1,0,6,2
95,95,STEM,No,In my apartment,No,Less motivated than before?,2,2,NA,0,0,0,0
96,96,Non-STEM,No,In US but outside CA,Yes,Less motivated than before?,2,2,0,0,0,0,0
97,97,STEM,No,In US but outside CA,No,Less motivated than before?,2,1,0,3,1,11,4
98,98,STEM,No,At home in californa,No,Equally motivated,2,1,NA,0,0,2,1
99,99,Non-STEM,No,At home in californa,No,Less motivated than before?,2,2,0,0,0,0,0
100,100,Non-STEM,No,At home in californa,Yes,Less motivated than before?,2,2,0,3,4,17,8
101,101,STEM,No,At home in californa,Yes,Less motivated than before?,2,2,0,0,1,5,1
102,102,Non-STEM,No,At home in californa,Yes,Less motivated than before?,2,1,NA,1,1,3,1
103,103,STEM,Yes,In dorms,Yes,Less motivated than before?,2,1,NA,0,0,0,0
104,104,Non-STEM,No,In my apartment,Yes,More motivated,2,1,0,0,0,0,0
105,105,Non-STEM,No,At home in californa,No,Less motivated than before?,2,1,NA,4,2,15,7
106,106,Non-STEM,No,At home in californa,Yes,Less motivated than before?,2,1,0,0,0,0,0
107,107,Non-STEM,Yes,Outside US,No,Less motivated than before?,1,1,0,3,0,9,6
108,108,STEM,No,At home in californa,Yes,Less motivated than before?,2,2,1,0,1,3,2
109,109,Non-STEM,No,At home in californa,No,Equally motivated,1,2,1,3,1,7,1
110,110,STEM,Yes,Outside US,No,Equally motivated,2,1,1,4,2,6,8
111,111,Non-STEM,No,At home in californa,No,More motivated,2,1,0,6,1,28,5
112,112,STEM,No,At home in californa,No,Less motivated than before?,2,2,0,2,0,5,2
113,113,STEM,No,At home in californa,Yes,Less motivated than before?,2,1,0,4,0,7,4
114,114,Non-STEM,No,At home in californa,Yes,Less motivated than before?,2,2,0,7,0,16,5
115,115,STEM,No,In US but outside CA,No,Equally motivated,2,1,0,8,7,23,16
116,116,Non-STEM,No,At home in californa,Yes,Less motivated than before?,2,1,0,1,0,7,2
117,117,Non-STEM,No,At home in californa,Yes,Equally motivated,2,1,NA,0,1,4,1
118,118,STEM,No,At home in californa,Yes,Less motivated than before?,1,1,1,0,0,0,0
119,119,STEM,Yes,Outside US,Yes,Less motivated than before?,2,2,0,3,0,5,1
120,120,Non-STEM,No,At home in californa,Yes,Less motivated than before?,2,2,,13,5,30,11
121,121,Non-STEM,No,Outside US,Yes,Equally motivated,2,1,,0,0,0,0
122,122,STEM,Yes,Outside US,No,Equally motivated,2,1,,1,0,3,1
123,123,Non-STEM,No,At home in californa,No,Less motivated than before?,2,1,,1,0,2,1
124,124,STEM,No,At home in californa,Yes,Less motivated than before?,2,1,,1,1,4,1
125,125,Non-STEM,Yes,In US but outside CA,No,Equally motivated,2,1,,0,0,0,0
126,126,Non-STEM,No,In US but outside CA,Yes,Less motivated than before?,2,2,,1,0,2,1
127,127,STEM,No,At home in californa,No,Less motivated than before?,2,2,,4,6,26,19
128,128,STEM,No,At home in californa,Yes,Less motivated than before?,2,1,,0,0,0,0
129,129,Non-STEM,No,At home in californa,No,Less motivated than before?,2,1,,2,0,3,3
130,130,,,,,,2,1,,1,0,2,2
131,131,Non-STEM,No,At home in californa,Yes,Less motivated than before?,2,1,,0,1,0,1
132,132,Non-STEM,No,At home in californa,No,Equally motivated,2,1,,2,0,9,1
133,133,Non-STEM,No,At home in californa,No,Equally motivated,2,1,,0,0,2,0
134,134,Non-STEM,No,At home in californa,Yes,Less motivated than before?,2,1,,2,0,6,2
135,135,STEM,No,In US but outside CA,No,Less motivated than before?,1,2,,5,0,9,4
136,136,STEM,No,At home in californa,No,More motivated,2,2,,0,0,0,0
137,137,Non-STEM,No,At home in californa,No,Less motivated than before?,1,1,,1,4,7,8
138,138,STEM,No,In US but outside CA,Yes,Less motivated than before?,2,1,,4,1,5,11
139,139,STEM,Yes,Outside US,No,Equally motivated,2,2,,1,1,3,2
140,140,Non-STEM,No,At home in californa,Yes,Less motivated than before?,1,1,,3,0,9,6
141,141,STEM,No,In US but outside CA,No,Equally motivated,2,1,,1,4,8,4
142,142,STEM,No,At home in californa,No,Less motivated than before?,2,2,,0,0,0,0
143,143,STEM,,,,,NA,NA,,0,0,0,0
144,144,STEM,No,At home in californa,Yes,Less motivated than before?,2,1,,4,0,10,3
145,145,STEM,Yes,In my apartment,Yes,Less motivated than before?,2,1,,0,0,0,0
146,146,STEM,Yes,In dorms,No,More motivated,2,2,,3,0,5,1
147,147,STEM,No,At home in californa,Yes,Less motivated than before?,2,2,,1,0,2,0
148,148,STEM,Yes,In my apartment,No,Equally motivated,2,1,,2,1,4,1
149,149,STEM,No,At home in californa,No,Equally motivated,2,2,,0,0,3,1
150,150,Non-STEM,No,At home in californa,No,More motivated,2,1,,0,0,2,2
151,151,Non-STEM,Yes,At home in californa,Yes,Equally motivated,1,2,,7,1,12,3
152,152,STEM,Yes,In my apartment,No,Equally motivated,2,2,,1,0,3,2
153,153,STEM,No,In US but outside CA,No,Less motivated than before?,2,2,,0,1,1,1
154,154,STEM,No,At home in californa,Yes,Less motivated than before?,2,2,,0,2,2,5
155,155,STEM,Yes,In US but outside CA,No,Less motivated than before?,2,2,,2,3,5,8
156,156,STEM,No,At home in californa,No,More motivated,2,2,,0,0,1,0
157,157,STEM,No,At home in californa,Yes,Less motivated than before?,2,2,,1,0,5,2
158,158,STEM,No,At home in californa,No,Less motivated than before?,2,1,,1,2,7,7
159,159,STEM,Yes,In my apartment,Yes,Equally motivated,2,1,,0,0,2,1
160,160,STEM,No,At home in californa,No,Equally motivated,2,2,,4,2,8,5
161,161,STEM,Yes,Outside US,Yes,Equally motivated,2,2,,2,1,8,1
162,162,STEM,Yes,Outside US,Yes,Less motivated than before?,2,2,,0,0,3,4
163,163,STEM,Yes,In dorms,No,Equally motivated,2,1,,3,2,10,8
164,164,STEM,Yes,In dorms,No,Less motivated than before?,1,1,,13,4,27,14
165,165,STEM,No,At home in californa,No,Less motivated than before?,2,1,,2,2,3,6
166,166,STEM,No,In my apartment,No,More motivated,1,2,,1,5,7,11
167,167,STEM,No,In my apartment,No,Equally motivated,2,2,,1,1,4,1
168,168,STEM,No,At home in californa,Yes,More motivated,2,1,,1,3,7,9
169,169,STEM,No,At home in californa,Yes,Less motivated than before?,2,1,,0,0,4,1
170,170,STEM,No,At home in californa,No,More motivated,1,1,,1,2,10,7
171,171,Non-STEM,Yes,In US but outside CA,No,More motivated,1,2,,5,1,16,9
172,172,STEM,No,At home in californa,No,Less motivated than before?,1,2,,0,1,1,6
173,173,STEM,No,At home in californa,Yes,Less motivated than before?,2,1,,0,0,1,1
174,174,STEM,No,At home in californa,No,Less motivated than before?,2,2,,0,0,2,5
175,175,Non-STEM,No,In US but outside CA,Yes,Less motivated than before?,2,1,,2,0,7,7
176,176,STEM,Yes,Outside US,No,More motivated,2,1,,0,0,2,0
177,177,STEM,No,At home in californa,Yes,More motivated,2,2,,2,2,3,5
178,178,STEM,Yes,Outside US,No,Equally motivated,2,1,,0,0,1,0
179,179,STEM,No,At home in californa,Yes,Less motivated than before?,2,1,,6,0,9,2
180,180,STEM,No,At home in californa,No,More motivated,2,2,,2,1,3,4
181,181,STEM,No,At home in californa,Yes,Less motivated than before?,2,1,0,4,2,10,7
182,182,STEM,No,At home in californa,No,Equally motivated,1,2,0,2,1,6,6
183,183,Non-STEM,No,In US but outside CA,Yes,Less motivated than before?,2,2,0,1,6,7,10
184,184,STEM,Yes,Outside US,No,Equally motivated,2,2,1,9,3,17,10
185,185,STEM,Yes,Outside US,No,Equally motivated,2,2,0,2,2,5,3
186,186,STEM,No,In my apartment,No,Equally motivated,2,2,1,4,3,14,9
187,187,STEM,No,At home in californa,Yes,Less motivated than before?,2,1,NA,0,0,0,0
188,188,STEM,No,In my apartment,Yes,Less motivated than before?,2,2,1,0,0,3,2
189,189,STEM,Yes,At home in californa,No,Equally motivated,1,1,1,2,2,3,2
190,190,Non-STEM,Yes,In dorms,No,Less motivated than before?,1,1,0,0,1,2,2
191,191,Non-STEM,No,At home in californa,No,Less motivated than before?,2,1,0,12,4,26,13
192,192,STEM,No,In US but outside CA,Yes,Less motivated than before?,2,1,0,1,0,5,3
193,193,Non-STEM,No,At home in californa,Yes,Less motivated than before?,2,1,0,3,1,15,6
194,194,STEM,Yes,In my apartment,Yes,Less motivated than before?,2,2,0,1,0,3,1
195,195,STEM,Yes,Outside US,Yes,Equally motivated,2,1,0,0,1,5,9
196,196,Non-STEM,No,At home in californa,Yes,Less motivated than before?,2,1,0,3,5,15,10
197,197,STEM,No,At home in californa,No,Less motivated than before?,2,2,0,2,1,5,7
198,198,STEM,No,At home in californa,No,Less motivated than before?,2,2,0,4,1,16,2
199,199,Non-STEM,No,In US but outside CA,Yes,Equally motivated,2,2,0,3,3,10,19
200,200,Non-STEM,No,At home in californa,No,Less motivated than before?,2,1,0,2,1,10,5
201,201,STEM,No,At home in californa,Yes,Less motivated than before?,2,1,1,1,1,2,1
202,202,Non-STEM,No,In dorms,Yes,Equally motivated,2,1,0,3,1,5,2
203,203,Non-STEM,Yes,Outside US,Yes,Less motivated than before?,2,1,0,1,0,5,4
204,204,STEM,No,In US but outside CA,No,Equally motivated,2,2,0,5,3,16,10
205,205,STEM,Yes,In dorms,No,Less motivated than before?,1,2,NA,0,0,0,0
206,206,STEM,No,In my apartment,No,Equally motivated,2,1,0,0,1,5,4
207,207,Non-STEM,Yes,Outside US,No,Less motivated than before?,2,1,0,4,2,9,4
208,208,Non-STEM,No,At home in californa,Yes,More motivated,2,1,0,2,1,5,1
209,209,Non-STEM,Yes,Outside US,No,Less motivated than before?,2,1,1,5,1,17,7
210,210,Non-STEM,Yes,Outside US,No,Less motivated than before?,2,1,1,0,0,1,0
211,211,STEM,Yes,Outside US,Yes,Less motivated than before?,2,1,1,4,1,9,1
212,212,STEM,No,At home in californa,No,Equally motivated,2,1,0,0,0,2,1
213,213,STEM,Yes,Outside US,No,Less motivated than before?,2,2,1,1,1,6,2
214,214,STEM,Yes,In dorms,No,Less motivated than before?,2,1,1,0,0,0,0
215,215,STEM,No,At home in californa,No,Equally motivated,2,2,1,0,0,5,3
216,216,STEM,Yes,Outside US,Yes,Equally motivated,2,1,0,2,2,19,4
217,217,STEM,Yes,Outside US,Yes,Equally motivated,2,1,0,2,3,13,9
218,218,STEM,No,Outside US,Yes,Less motivated than before?,2,1,NA,0,0,0,0
219,219,STEM,Yes,Outside US,Yes,Less motivated than before?,2,2,0,1,0,11,3
220,220,STEM,No,At home in californa,Yes,Less motivated than before?,2,2,0,6,0,16,12
221,221,Non-STEM,No,In US but outside CA,Yes,Less motivated than before?,2,1,0,1,3,2,3
222,222,STEM,No,In US but outside CA,Yes,More motivated,1,2,0,4,5,16,10
223,223,STEM,No,At home in californa,No,Less motivated than before?,2,2,0,4,0,14,3
224,224,Non-STEM,No,At home in californa,Yes,Less motivated than before?,2,1,0,3,1,10,1
225,225,STEM,No,At home in californa,Yes,Equally motivated,2,2,0,0,0,2,2
226,226,STEM,No,At home in californa,No,Equally motivated,2,2,0,7,1,24,8
227,227,Non-STEM,Yes,In my apartment,No,Equally motivated,2,2,1,0,1,4,4
228,228,STEM,Yes,In my apartment,No,Equally motivated,1,2,1,0,1,3,2
229,229,Non-STEM,No,At home in californa,Yes,Equally motivated,2,1,0,9,3,19,7
230,230,STEM,No,In dorms,No,Less motivated than before?,2,2,0,0,3,5,9
231,231,Non-STEM,No,At home in californa,No,Less motivated than before?,2,1,0,0,0,0,1
232,232,STEM,No,At home in californa,Yes,Less motivated than before?,2,1,0,2,0,3,1
233,233,Non-STEM,No,At home in californa,No,Equally motivated,2,1,0,0,1,7,3
234,234,Non-STEM,No,At home in californa,Yes,Less motivated than before?,2,1,0,5,2,14,10
235,235,Non-STEM,No,At home in californa,Yes,Less motivated than before?,2,2,0,2,1,12,4
236,236,STEM,No,At home in californa,Yes,Equally motivated,2,1,0,2,0,8,2
237,237,STEM,Yes,In dorms,Yes,Less motivated than before?,2,2,0,3,0,3,0
238,238,STEM,No,At home in californa,Yes,Less motivated than before?,2,2,0,0,0,4,1
239,239,Non-STEM,No,At home in californa,No,Equally motivated,2,2,1,1,2,6,4
240,240,Non-STEM,No,At home in californa,Yes,Less motivated than before?,2,2,NA,0,0,0,0
241,241,STEM,Yes,Outside US,Yes,Equally motivated,2,1,0,1,0,6,4
242,242,Non-STEM,No,At home in californa,No,Equally motivated,2,2,1,1,0,4,2
243,243,STEM,No,At home in californa,No,Equally motivated,2,2,0,0,0,4,1
244,244,Non-STEM,No,In US but outside CA,No,Less motivated than before?,2,1,0,1,0,2,0
245,245,Non-STEM,No,In US but outside CA,Yes,Less motivated than before?,2,1,0,1,0,3,0
246,246,Non-STEM,No,At home in californa,Yes,Equally motivated,1,1,0,1,0,3,1
247,247,Non-STEM,No,At home in californa,Yes,Less motivated than before?,2,1,1,1,2,5,6
248,248,STEM,No,In US but outside CA,No,More motivated,2,2,1,2,1,8,2
249,249,Non-STEM,No,At home in californa,No,Less motivated than before?,2,1,0,0,0,5,1
250,250,STEM,Yes,Outside US,No,Equally motivated,2,2,1,1,1,2,1
251,251,Non-STEM,Yes,Outside US,Yes,Less motivated than before?,2,2,0,1,1,2,2
252,252,STEM,No,At home in californa,No,Less motivated than before?,2,1,0,0,1,3,2
253,253,STEM,Yes,Outside US,Yes,Less motivated than before?,2,2,0,2,2,5,9
254,254,Non-STEM,No,At home in californa,No,Less motivated than before?,2,1,1,2,0,6,2
255,255,STEM,No,At home in californa,Yes,Less motivated than before?,1,2,0,8,2,14,5
256,256,STEM,No,At home in californa,Yes,Less motivated than before?,2,2,0,4,2,10,4
257,257,Non-STEM,No,At home in californa,Yes,Less motivated than before?,2,2,0,6,3,20,12
258,258,Non-STEM,No,At home in californa,Yes,Less motivated than before?,2,1,0,4,1,12,15
259,259,Non-STEM,No,At home in californa,Yes,Less motivated than before?,2,2,0,0,1,1,3
260,260,STEM,No,At home in californa,Yes,Less motivated than before?,2,1,0,3,3,13,8
261,261,Non-STEM,No,At home in californa,Yes,Less motivated than before?,2,2,0,15,4,37,14
262,262,STEM,No,In my apartment,No,Less motivated than before?,2,2,0,2,0,5,2
263,263,Non-STEM,No,At home in californa,Yes,Less motivated than before?,2,1,0,1,0,6,0
264,264,Non-STEM,No,At home in californa,Yes,Equally motivated,1,2,0,3,1,7,8
265,265,STEM,No,At home in californa,Yes,Less motivated than before?,2,1,0,3,1,9,1
266,266,Non-STEM,No,At home in californa,Yes,Less motivated than before?,2,1,0,2,0,4,2
267,267,Non-STEM,Yes,In US but outside CA,No,Less motivated than before?,2,2,1,0,0,1,0
268,268,STEM,No,At home in californa,Yes,Less motivated than before?,2,2,0,0,0,4,4
269,269,,,,,,NA,NA,NA,0,0,0,0
270,270,STEM,No,At home in californa,No,Equally motivated,2,2,1,4,1,10,3
271,271,Non-STEM,No,At home in californa,No,Less motivated than before?,2,2,0,1,0,3,5
272,272,STEM,No,In my apartment,No,More motivated,2,1,1,3,0,7,2
273,273,STEM,No,At home in californa,No,Equally motivated,2,1,1,0,1,0,3
274,274,Non-STEM,No,At home in californa,Yes,Less motivated than before?,2,2,0,2,0,8,3
275,275,STEM,No,At home in californa,No,Less motivated than before?,2,1,0,1,1,3,4
276,276,Non-STEM,No,At home in californa,Yes,Less motivated than before?,2,1,0,2,2,6,3
277,277,STEM,No,At home in californa,No,Less motivated than before?,2,1,0,2,2,7,9
278,278,STEM,No,At home in californa,No,Equally motivated,2,2,1,4,1,10,4
279,279,STEM,Yes,Outside US,Yes,Less motivated than before?,2,2,0,2,0,7,3
280,280,STEM,No,At home in californa,No,Less motivated than before?,1,1,0,1,0,8,3
281,281,Non-STEM,Yes,In US but outside CA,No,Less motivated than before?,1,2,0,0,1,6,6
282,282,Non-STEM,Yes,At home in californa,Yes,Less motivated than before?,2,1,0,0,0,1,4
283,283,STEM,No,At home in californa,No,Equally motivated,2,2,0,3,1,8,6
284,284,Non-STEM,No,At home in californa,No,Less motivated than before?,2,1,0,1,0,7,7
285,285,Non-STEM,No,At home in californa,No,Less motivated than before?,2,2,1,1,2,8,6
286,286,Non-STEM,No,In my apartment,Yes,Less motivated than before?,2,2,0,4,1,5,2
287,287,STEM,No,At home in californa,Yes,Less motivated than before?,1,2,0,1,0,1,1
288,288,STEM,Yes,In my apartment,No,More motivated,1,2,1,0,0,1,2
289,289,Non-STEM,No,At home in californa,No,Equally motivated,2,2,0,1,0,3,5
290,290,Non-STEM,No,In US but outside CA,No,Less motivated than before?,2,1,1,0,1,7,6
291,291,Non-STEM,No,At home in californa,Yes,Equally motivated,1,2,1,2,2,8,7
292,292,Non-STEM,No,In US but outside CA,No,Equally motivated,2,1,0,1,0,5,0
293,293,STEM,No,At home in californa,No,More motivated,2,1,1,3,0,6,2
294,294,STEM,No,At home in californa,Yes,Less motivated than before?,2,1,0,0,0,2,1
295,295,Non-STEM,No,In US but outside CA,Yes,Less motivated than before?,2,1,0,2,0,5,3
296,296,Non-STEM,No,At home in californa,Yes,Less motivated than before?,2,1,0,4,1,12,7
297,297,Non-STEM,No,At home in californa,Yes,Equally motivated,2,1,0,0,0,2,0
298,298,STEM,No,In US but outside CA,No,Less motivated than before?,2,1,NA,0,0,0,0
299,299,STEM,No,In US but outside CA,No,Equally motivated,2,2,NA,0,0,0,0
300,300,STEM,No,At home in californa,No,More motivated,2,1,NA,0,0,0,0
301,301,STEM,No,In US but outside CA,No,Less motivated than before?,2,1,0,0,0,0,1
302,302,STEM,No,At home in californa,No,Equally motivated,2,1,NA,0,0,0,0
303,303,STEM,No,At home in californa,Yes,Less motivated than before?,2,1,1,0,1,3,4
304,304,STEM,No,At home in californa,Yes,Less motivated than before?,2,1,0,0,0,0,1
305,305,STEM,No,At home in californa,No,More motivated,1,2,0,0,0,3,1
306,306,STEM,No,In my apartment,No,Equally motivated,2,2,1,2,0,12,5
307,307,STEM,No,At home in californa,No,Less motivated than before?,2,2,1,1,3,5,6
308,308,STEM,No,At home in californa,Yes,Less motivated than before?,2,2,NA,0,0,0,0
309,309,STEM,Yes,At home in californa,Yes,Less motivated than before?,1,2,1,0,1,4,3
310,310,STEM,No,At home in californa,No,Less motivated than before?,1,1,1,2,1,6,2
311,311,STEM,No,In US but outside CA,Yes,Less motivated than before?,2,1,1,6,1,12,8
312,312,STEM,No,At home in californa,Yes,Equally motivated,2,1,1,1,0,8,7
313,313,STEM,No,In US but outside CA,Yes,Equally motivated,2,1,1,2,4,10,4
314,314,STEM,No,At home in californa,Yes,Less motivated than before?,2,1,1,19,13,35,18
315,315,Non-STEM,No,At home in californa,No,Equally motivated,2,1,0,1,1,3,1
316,316,Non-STEM,No,At home in californa,No,Less motivated than before?,1,1,1,1,2,11,5
317,317,Non-STEM,No,At home in californa,Yes,Less motivated than before?,1,1,0,3,1,18,9
318,318,Non-STEM,No,At home in californa,Yes,Less motivated than before?,2,2,1,1,1,6,3
319,319,STEM,No,At home in californa,Yes,Equally motivated,2,1,NA,0,0,0,0
320,320,Non-STEM,No,In US but outside CA,No,Equally motivated,2,1,1,2,0,5,4
321,321,Non-STEM,No,At home in californa,Yes,Less motivated than before?,2,1,1,0,0,1,4
322,322,Non-STEM,No,At home in californa,Yes,Equally motivated,1,1,1,0,0,12,7
323,323,STEM,No,In my apartment,No,More motivated,1,2,1,0,0,6,1
324,324,STEM,No,In US but outside CA,No,More motivated,1,2,1,9,2,29,12
325,325,STEM,No,At home in californa,Yes,Less motivated than before?,2,2,1,4,4,16,10
326,326,STEM,No,At home in californa,,Less motivated than before?,2,1,NA,1,1,2,3
327,327,STEM,No,In US but outside CA,Yes,Less motivated than before?,2,1,NA,0,0,0,0
328,328,Non-STEM,No,In US but outside CA,No,Less motivated than before?,1,1,1,0,1,2,3
329,329,STEM,No,At home in californa,Yes,Less motivated than before?,2,1,1,7,2,20,8
330,330,STEM,No,At home in californa,No,Less motivated than before?,2,1,1,1,1,1,2
331,331,STEM,No,At home in californa,No,More motivated,2,1,1,3,2,7,4
332,332,STEM,Yes,Outside US,No,Equally motivated,2,1,1,2,0,7,5
333,333,STEM,No,At home in californa,Yes,Less motivated than before?,2,1,1,2,0,3,0
334,334,STEM,No,At home in californa,Yes,Equally motivated,1,1,1,2,0,3,0
335,335,Non-STEM,No,At home in californa,No,Less motivated than before?,2,1,1,6,1,15,4
336,336,Non-STEM,No,At home in californa,Yes,Less motivated than before?,2,1,1,4,1,20,5
337,337,Non-STEM,No,At home in californa,Yes,Equally motivated,1,2,1,3,0,11,3
338,338,STEM,No,In my apartment,Yes,Less motivated than before?,2,1,0,1,0,3,1
339,339,STEM,No,In US but outside CA,Yes,Less motivated than before?,2,2,1,1,1,4,4
340,340,STEM,No,In my apartment,Yes,Less motivated than before?,2,2,1,2,1,8,3
341,341,Non-STEM,No,At home in californa,Yes,Less motivated than before?,2,1,1,4,5,10,14
342,342,Non-STEM,No,At home in californa,Yes,Less motivated than before?,2,1,NA,0,0,2,0
343,343,STEM,No,At home in californa,Yes,Less motivated than before?,1,2,1,3,1,4,7
344,344,STEM,No,At home in californa,No,Less motivated than before?,2,1,1,2,1,6,2
345,345,Non-STEM,No,At home in californa,Yes,More motivated,2,1,1,4,2,16,3
346,346,STEM,No,In US but outside CA,No,Equally motivated,2,2,1,3,1,13,6
347,347,STEM,No,In US but outside CA,No,Equally motivated,2,2,1,3,1,13,6
348,348,Non-STEM,No,In US but outside CA,Yes,Less motivated than before?,2,1,1,0,1,2,2
349,349,Non-STEM,No,At home in californa,No,Less motivated than before?,2,1,1,4,0,8,5
350,350,STEM,No,At home in californa,Yes,Less motivated than before?,2,1,1,19,13,35,18
351,351,STEM,No,At home in californa,Yes,Less motivated than before?,2,1,1,8,2,20,6
352,352,STEM,No,At home in californa,No,Less motivated than before?,2,2,0,1,1,6,3
353,353,Non-STEM,No,At home in californa,Yes,Less motivated than before?,2,1,1,0,0,12,9
354,354,STEM,Yes,At home in californa,Yes,Less motivated than before?,2,2,0,8,1,20,8
355,355,STEM,No,In US but outside CA,Yes,Less motivated than before?,2,1,NA,0,0,0,0
356,356,STEM,No,At home in californa,No,More motivated,2,2,1,3,0,7,3
357,357,STEM,No,In US but outside CA,Yes,Less motivated than before?,2,2,1,5,1,9,8
358,358,Non-STEM,No,At home in californa,No,Equally motivated,2,2,1,3,2,9,5
359,359,STEM,Yes,At home in californa,No,Equally motivated,2,1,1,2,0,6,5
360,360,Non-STEM,No,In US but outside CA,No,Equally motivated,2,2,,2,2,8,7
361,361,STEM,No,In US but outside CA,Yes,Equally motivated,2,1,1,4,3,10,8
362,362,Non-STEM,No,At home in californa,Yes,More motivated,2,2,0,1,1,8,2
363,363,STEM,No,At home in californa,No,Less motivated than before?,2,1,1,3,0,5,7
364,364,STEM,No,In my apartment,No,Less motivated than before?,2,2,NA,0,0,0,0
365,365,Non-STEM,No,At home in californa,Yes,Less motivated than before?,2,1,1,0,3,5,10
366,366,STEM,No,At home in californa,No,Less motivated than before?,2,1,1,6,3,24,11
367,367,Non-STEM,Yes,In my apartment,No,More motivated,2,1,0,2,1,6,4
368,368,STEM,No,At home in californa,Yes,Less motivated than before?,2,1,1,0,0,0,0
369,369,Non-STEM,No,At home in californa,Yes,Less motivated than before?,1,2,NA,0,0,0,0
370,370,STEM,No,At home in californa,No,Less motivated than before?,2,2,NA,0,0,4,2
371,371,STEM,No,At home in californa,No,Less motivated than before?,2,1,1,1,2,5,7
372,372,STEM,No,At home in californa,Yes,Less motivated than before?,1,1,0,2,2,8,10
373,373,STEM,No,At home in californa,No,Equally motivated,2,1,0,5,2,11,9
374,374,STEM,No,In dorms,Yes,Less motivated than before?,2,1,0,0,0,0,0
375,375,STEM,Yes,In my apartment,Yes,Less motivated than before?,2,1,NA,2,1,4,8
376,376,Non-STEM,Yes,In my apartment,No,More motivated,1,2,0,5,2,9,5
377,377,STEM,No,At home in californa,Yes,Less motivated than before?,2,1,0,5,2,9,4
378,378,STEM,No,In US but outside CA,No,Less motivated than before?,2,2,0,0,0,0,0
379,379,STEM,No,At home in californa,No,Less motivated than before?,2,1,NA,4,1,10,2
380,380,STEM,No,At home in californa,No,Less motivated than before?,2,2,1,1,1,4,4
381,381,Non-STEM,No,At home in californa,No,Less motivated than before?,1,1,0,2,1,7,4
382,382,STEM,No,At home in californa,No,Less motivated than before?,2,1,0,1,1,7,3
383,383,STEM,No,At home in californa,No,Less motivated than before?,2,1,0,1,3,2,6
384,384,STEM,Yes,At home in californa,Yes,Equally motivated,2,1,0,0,0,0,0
385,385,STEM,Yes,In my apartment,No,Less motivated than before?,2,1,NA,2,0,8,1
386,386,STEM,Yes,In my apartment,No,Equally motivated,2,1,1,0,0,0,0
387,387,STEM,No,At home in californa,Yes,Less motivated than before?,2,1,NA,0,0,1,1
388,388,STEM,No,At home in californa,No,Less motivated than before?,2,1,0,0,1,1,1
389,389,STEM,No,In US but outside CA,Yes,Less motivated than before?,2,1,0,4,0,15,5
390,390,Non-STEM,No,At home in californa,No,Equally motivated,1,2,0,2,1,3,3
391,391,STEM,No,At home in californa,Yes,Less motivated than before?,2,1,1,0,0,3,2
392,392,STEM,No,At home in californa,Yes,Less motivated than before?,2,2,1,1,2,10,4
393,393,STEM,No,In US but outside CA,No,Less motivated than before?,2,1,1,2,0,6,1
394,394,STEM,No,In US but outside CA,Yes,Less motivated than before?,2,1,1,2,1,8,3
395,395,STEM,Yes,Outside US,Yes,More motivated,2,2,0,4,3,10,3
396,396,Non-STEM,No,At home in californa,Yes,Less motivated than before?,2,1,1,0,1,6,8
397,397,STEM,No,At home in californa,No,Equally motivated,1,2,0,0,0,1,2
398,398,STEM,No,At home in californa,Yes,Less motivated than before?,2,1,1,0,1,2,4
399,399,Non-STEM,Yes,Outside US,Yes,Less motivated than before?,2,1,0,4,0,16,2
400,400,STEM,No,At home in californa,Yes,Less motivated than before?,2,1,0,1,3,8,11
401,401,Non-STEM,No,At home in californa,No,Less motivated than before?,2,2,0,0,0,1,3
402,402,STEM,Yes,Outside US,Yes,Less motivated than before?,1,2,0,4,2,10,6
403,403,Non-STEM,No,In US but outside CA,No,Less motivated than before?,2,1,0,4,2,18,8
404,404,STEM,No,At home in californa,No,Equally motivated,2,2,0,2,0,8,10
405,405,Non-STEM,No,At home in californa,Yes,Less motivated than before?,2,1,1,2,2,3,6
406,406,Non-STEM,No,At home in californa,Yes,Less motivated than before?,1,1,0,6,0,11,3
407,407,STEM,Yes,In my apartment,No,Less motivated than before?,2,1,0,0,0,1,0
408,408,STEM,Yes,In my apartment,No,Less motivated than before?,2,1,1,2,0,3,0
409,409,STEM,Yes,In my apartment,No,Less motivated than before?,2,1,1,0,0,0,0
410,410,STEM,No,In my apartment,Yes,Less motivated than before?,2,1,NA,3,0,13,6
411,411,STEM,No,In my apartment,Yes,Less motivated than before?,2,1,0,3,0,13,6
412,412,STEM,Yes,In my apartment,No,Less motivated than before?,1,2,0,0,0,0,0
413,413,STEM,No,At home in californa,Yes,Less motivated than before?,2,2,NA,0,0,3,2
414,414,Non-STEM,No,At home in californa,No,Less motivated than before?,2,1,0,2,2,17,15
415,415,Non-STEM,No,In US but outside CA,Yes,Equally motivated,1,1,0,1,1,3,2
416,416,Non-STEM,No,In US but outside CA,No,Less motivated than before?,2,2,0,0,1,1,2
417,417,Non-STEM,No,In US but outside CA,Yes,Less motivated than before?,2,1,1,0,1,3,2
418,418,Non-STEM,No,At home in californa,Yes,More motivated,2,2,0,1,0,2,0
419,419,Non-STEM,No,At home in californa,Yes,Equally motivated,1,2,0,1,1,3,4
420,420,Non-STEM,No,In US but outside CA,No,Less motivated than before?,2,2,1,0,1,2,2
421,421,Non-STEM,No,At home in californa,Yes,Less motivated than before?,2,1,,1,5,6,10
422,422,STEM,No,At home in californa,Yes,Equally motivated,2,1,,0,1,4,2
423,423,STEM,No,In US but outside CA,No,Less motivated than before?,2,2,,1,1,2,4
424,424,Non-STEM,No,At home in californa,No,More motivated,2,2,,1,0,11,5
425,425,STEM,No,At home in californa,Yes,Less motivated than before?,2,1,,0,0,0,0
426,426,Non-STEM,No,At home in californa,Yes,Less motivated than before?,2,1,,4,1,4,4
427,427,Non-STEM,No,At home in californa,Yes,Equally motivated,1,2,,3,2,6,2
428,428,Non-STEM,No,At home in californa,No,Equally motivated,1,2,,0,1,1,1
429,429,STEM,No,At home in californa,No,Less motivated than before?,2,2,,0,1,3,3
430,430,STEM,No,In my apartment,Yes,Less motivated than before?,2,1,,3,2,11,4
431,431,Non-STEM,No,In my apartment,No,Less motivated than before?,2,2,,0,1,7,1
432,432,Non-STEM,No,At home in californa,No,Equally motivated,1,1,,0,0,3,1
433,433,STEM,No,At home in californa,No,Equally motivated,2,2,,0,0,0,1
434,434,Non-STEM,No,In US but outside CA,No,Equally motivated,2,2,,1,0,6,3
435,435,STEM,No,At home in californa,Yes,More motivated,2,2,,3,2,13,4
436,436,Non-STEM,No,In US but outside CA,Yes,Equally motivated,2,1,,2,0,11,5
437,437,Non-STEM,No,At home in californa,No,Equally motivated,2,1,,5,0,11,0
438,438,STEM,No,At home in californa,Yes,Less motivated than before?,2,1,,12,3,37,20
439,439,STEM,No,At home in californa,No,Equally motivated,2,1,,2,0,5,0
440,440,STEM,No,In US but outside CA,Yes,Less motivated than before?,2,1,,0,2,3,3
441,441,Non-STEM,No,At home in californa,No,More motivated,2,1,,2,0,8,4
442,442,STEM,No,At home in californa,Yes,Equally motivated,2,1,,0,0,2,3
443,443,STEM,Yes,Outside US,Yes,Less motivated than before?,2,1,,1,1,2,3
444,444,Non-STEM,No,At home in californa,Yes,Less motivated than before?,1,2,,3,2,12,1
445,445,Non-STEM,Yes,In my apartment,No,Less motivated than before?,2,2,,0,0,3,0
446,446,Non-STEM,No,In US but outside CA,No,Less motivated than before?,1,2,,0,0,4,0
447,447,STEM,No,At home in californa,No,Less motivated than before?,2,1,,3,1,8,11
448,448,STEM,No,In US but outside CA,No,Less motivated than before?,2,2,,4,0,8,5
449,449,STEM,No,At home in californa,Yes,Less motivated than before?,2,2,,1,1,2,1
450,450,STEM,No,In dorms,No,Less motivated than before?,2,1,,1,1,6,1
451,451,STEM,No,At home in californa,No,Equally motivated,1,2,,0,0,1,1
452,452,Non-STEM,No,At home in californa,Yes,More motivated,2,1,,0,1,5,6
453,453,STEM,No,In my apartment,No,Less motivated than before?,1,1,,10,2,22,6
454,454,STEM,No,At home in californa,No,Less motivated than before?,1,2,,1,1,9,1
455,455,Non-STEM,No,In my apartment,Yes,Less motivated than before?,2,1,,2,1,3,7
456,456,Non-STEM,No,In my apartment,Yes,Less motivated than before?,2,1,,3,0,6,0
457,457,,,,,,2,1,,2,0,3,0
458,458,Non-STEM,No,At home in californa,Yes,Less motivated than before?,2,2,,0,0,5,2
459,459,STEM,No,In US but outside CA,No,Equally motivated,2,1,,3,1,6,5
460,460,STEM,No,At home in californa,Yes,Equally motivated,2,1,,3,0,5,0
461,461,STEM,Yes,Outside US,Yes,Equally motivated,2,1,,0,0,3,1
462,462,STEM,No,At home in californa,No,Less motivated than before?,2,1,,1,1,5,4
463,463,STEM,No,At home in californa,No,More motivated,1,2,,3,1,6,5
464,464,STEM,Yes,In dorms,Yes,Less motivated than before?,2,2,,5,2,9,7
465,465,Non-STEM,No,At home in californa,Yes,Less motivated than before?,2,1,,1,1,5,5
466,466,STEM,No,At home in californa,Yes,Less motivated than before?,2,1,,2,4,16,11
467,467,Non-STEM,No,In US but outside CA,Yes,Less motivated than before?,2,1,,1,1,6,8
468,468,STEM,Yes,Outside US,No,Less motivated than before?,2,1,,2,2,3,5
469,469,,,,,,NA,NA,,0,0,0,0
470,470,STEM,No,At home in californa,No,Less motivated than before?,2,1,,1,2,5,4
471,471,Non-STEM,Yes,Outside US,No,Equally motivated,2,1,,0,0,1,0
472,472,STEM,No,In my apartment,No,Equally motivated,2,1,,4,0,7,3
473,473,STEM,No,At home in californa,Yes,Less motivated than before?,2,1,,0,0,3,3
474,474,STEM,No,In my apartment,Yes,Less motivated than before?,2,1,,0,0,2,2
475,475,STEM,No,At home in californa,No,Equally motivated,1,2,,0,0,3,0
476,476,Non-STEM,No,In my apartment,Yes,Less motivated than before?,2,1,,5,2,8,2
477,477,Non-STEM,No,At home in californa,No,Less motivated than before?,2,2,,1,0,3,2
478,478,Non-STEM,No,At home in californa,Yes,Equally motivated,2,2,,2,1,7,5
479,479,STEM,No,At home in californa,Yes,Less motivated than before?,2,2,,3,0,7,0
480,480,STEM,Yes,Outside US,Yes,Less motivated than before?,2,2,,0,3,0,3
481,481,STEM,No,At home in californa,Yes,Less motivated than before?,2,1,0,1,0,6,2
482,482,STEM,No,At home in californa,Yes,Less motivated than before?,2,1,1,8,3,26,9
483,483,STEM,No,At home in californa,No,Equally motivated,2,2,NA,0,0,1,0
484,484,STEM,No,At home in californa,Yes,Less motivated than before?,2,1,0,0,0,3,4
485,485,STEM,No,At home in californa,Yes,Less motivated than before?,2,1,0,0,0,0,1
486,486,Non-STEM,No,At home in californa,No,Less motivated than before?,1,1,1,2,2,16,10
487,487,Non-STEM,Yes,At home in californa,No,Equally motivated,2,2,1,0,0,2,1
488,488,STEM,No,In US but outside CA,No,Less motivated than before?,2,2,0,0,0,2,0
489,489,STEM,No,At home in californa,No,Less motivated than before?,2,1,0,0,0,4,1
490,490,Non-STEM,No,In US but outside CA,Yes,Less motivated than before?,2,1,0,1,1,5,3
491,491,Non-STEM,No,At home in californa,No,Less motivated than before?,1,2,1,3,2,8,4
492,492,Non-STEM,No,At home in californa,No,Equally motivated,2,1,0,3,1,9,5
493,493,Non-STEM,No,At home in californa,No,Less motivated than before?,1,1,0,2,0,10,4
494,494,STEM,No,At home in californa,No,Less motivated than before?,2,2,NA,0,0,0,0
495,495,STEM,No,In dorms,Yes,Less motivated than before?,2,2,0,7,6,19,17
496,496,STEM,No,At home in californa,No,Less motivated than before?,2,2,1,3,1,5,4
497,497,Non-STEM,No,At home in californa,Yes,Less motivated than before?,2,2,0,4,5,10,10
498,498,Non-STEM,No,At home in californa,Yes,Equally motivated,2,1,0,4,0,10,2
499,499,STEM,No,At home in californa,No,More motivated,1,2,0,1,1,9,3
500,500,Non-STEM,No,In US but outside CA,Yes,Equally motivated,2,2,0,1,3,2,4
501,501,STEM,No,At home in californa,Yes,Less motivated than before?,2,1,NA,1,0,2,2
502,502,STEM,Yes,Outside US,Yes,Less motivated than before?,2,2,1,3,1,7,2
503,503,STEM,Yes,Outside US,Yes,Less motivated than before?,2,2,1,4,0,8,5
504,504,Non-STEM,No,In US but outside CA,Yes,Less motivated than before?,2,1,0,1,0,2,2
505,505,STEM,No,In US but outside CA,Yes,Less motivated than before?,2,1,NA,0,0,0,0
506,506,STEM,No,At home in californa,No,Equally motivated,2,2,0,0,2,2,4
507,507,STEM,No,At home in californa,Yes,Less motivated than before?,2,1,1,4,0,10,2
508,508,Non-STEM,Yes,At home in californa,Yes,Less motivated than before?,2,1,1,2,0,9,5
509,509,STEM,No,In US but outside CA,No,Less motivated than before?,2,2,0,0,0,7,1
510,510,STEM,Yes,In US but outside CA,No,Less motivated than before?,1,1,1,2,0,7,3
511,511,Non-STEM,No,Outside US,Yes,Less motivated than before?,2,1,0,0,0,8,0
512,512,STEM,No,At home in californa,No,Less motivated than before?,1,1,NA,0,0,0,0
513,513,Non-STEM,No,In my apartment,No,Less motivated than before?,2,1,0,1,2,3,6
514,514,STEM,No,At home in californa,Yes,Less motivated than before?,2,1,0,1,3,5,9
515,515,STEM,Yes,In US but outside CA,Yes,Less motivated than before?,2,1,0,0,1,3,5
516,516,STEM,No,At home in californa,Yes,Less motivated than before?,2,2,0,1,1,3,1
517,517,STEM,Yes,In my apartment,No,Equally motivated,2,2,1,0,0,2,2
518,518,STEM,No,At home in californa,Yes,Less motivated than before?,2,2,0,0,0,0,1
519,519,Non-STEM,No,At home in californa,Yes,Less motivated than before?,2,1,0,2,1,6,4
520,520,STEM,No,At home in californa,No,More motivated,2,2,1,2,1,10,3
521,521,STEM,No,At home in californa,No,Equally motivated,2,1,NA,1,1,2,3
522,522,STEM,Yes,Outside US,Yes,Less motivated than before?,2,1,0,0,0,1,0
523,523,Non-STEM,No,In my apartment,Yes,Less motivated than before?,2,2,0,4,1,5,2
524,524,Non-STEM,No,At home in californa,No,Less motivated than before?,2,1,0,1,2,8,2
525,525,Non-STEM,No,In my apartment,No,More motivated,2,1,0,2,2,3,3
526,526,Non-STEM,No,At home in californa,No,Less motivated than before?,1,2,0,1,0,7,5
527,527,STEM,No,In dorms,No,Less motivated than before?,2,2,1,3,1,15,1
528,528,Non-STEM,No,At home in californa,Yes,Less motivated than before?,2,1,0,2,1,10,2
529,529,Non-STEM,No,At home in californa,Yes,Equally motivated,1,2,0,0,0,3,3
530,530,STEM,Yes,Outside US,Yes,Equally motivated,2,1,1,2,0,7,5
531,531,Non-STEM,No,In my apartment,No,Less motivated than before?,2,1,0,2,1,8,9
532,532,Non-STEM,No,At home in californa,No,Equally motivated,2,1,1,2,1,10,6
533,533,STEM,No,In US but outside CA,Yes,Less motivated than before?,2,2,NA,0,0,1,1
534,534,STEM,Yes,In my apartment,No,Equally motivated,2,2,0,0,1,2,2
535,535,STEM,Yes,Outside US,Yes,Less motivated than before?,1,2,NA,0,0,0,1
536,536,Non-STEM,No,At home in californa,Yes,Less motivated than before?,2,1,0,3,2,10,4
537,537,Non-STEM,No,At home in californa,Yes,Less motivated than before?,2,1,0,3,1,16,5
538,538,STEM,No,At home in californa,Yes,Less motivated than before?,2,1,NA,1,2,4,11
539,539,STEM,Yes,Outside US,Yes,Equally motivated,2,1,NA,0,0,1,0
540,540,STEM,No,In my apartment,Yes,Less motivated than before?,2,1,0,1,0,3,4
541,541,STEM,No,At home in californa,No,Equally motivated,2,1,0,0,0,0,1
542,542,STEM,No,At home in californa,No,Less motivated than before?,2,2,0,2,1,5,4
543,543,STEM,No,At home in californa,Yes,Less motivated than before?,2,1,0,0,0,1,1
544,544,Non-STEM,Yes,Outside US,Yes,Less motivated than before?,2,1,0,3,1,6,2
545,545,Non-STEM,No,At home in californa,No,Equally motivated,2,1,1,1,1,3,5
